ANIO,NOMBRE_UPZ,NOMBRE_LOCALIDAD,total_comparendos,comparendos_seguridad,tasa_seguridad
2020,-,SIN LOCALIZACION,2272,504.0,0.22183098591549297
2020,20 DE JULIO,SAN CRISTOBAL,5408,1170.0,0.21634615384615385
2020,AEROPUERTO EL DORADO,FONTIBON,337,27.0,0.08011869436201781
2020,ALAMOS,ENGATIVA,1504,214.0,0.1422872340425532
2020,ALFONSO LOPEZ,USME,3017,1231.0,0.40802121312562145
2020,AMERICAS,KENNEDY,8003,1358.0,0.16968636761214545
2020,APOGEO,BOSA,6070,1847.0,0.3042833607907743
2020,ARBORIZADORA,CIUDAD BOLIVAR,2486,637.0,0.25623491552695093
2020,BAVARIA,KENNEDY,2034,345.0,0.1696165191740413
2020,BOLIVIA,ENGATIVA,2546,326.0,0.12804399057344854
2020,BOSA CENTRAL,BOSA,19215,4821.0,0.2508977361436378
2020,BOSA OCCIDENTAL,BOSA,14257,3532.0,0.24773795328610507
2020,BOYACA REAL,ENGATIVA,4632,902.0,0.19473229706390327
2020,BRITALIA,SUBA,1710,333.0,0.19473684210526315
2020,CALANDAIMA,KENNEDY,3955,784.0,0.19823008849557522
2020,CAPELLANIA,FONTIBON,2079,182.0,0.08754208754208755
2020,CARVAJAL,KENNEDY,7430,1200.0,0.16150740242261102
2020,CASA BLANCA SUBA,SUBA,749,96.0,0.12817089452603472
2020,CASTILLA,KENNEDY,7489,1349.0,0.18013085859260247
2020,CHAPINERO,CHAPINERO,8067,1597.0,0.19796702615594397
2020,CHICO LAGO,CHAPINERO,7831,1278.0,0.16319754820584856
2020,CIUDAD JARDIN,ANTONIO NARI?O,1557,292.0,0.18754014129736674
2020,CIUDAD MONTES,PUENTE ARANDA,3955,566.0,0.14310998735777497
2020,CIUDAD SALITRE OCCIDENTAL,ENGATIVA,1,678.0,678.0
2020,CIUDAD SALITRE OCCIDENTAL,FONTIBON,3808,678.0,0.17804621848739496
2020,CIUDAD SALITRE ORIENTAL,TEUSAQUILLO,965,125.0,0.12953367875647667
2020,CIUDAD USME,USME,1474,473.0,0.3208955223880597
2020,COMUNEROS,USME,4393,1712.0,0.3897109037104484
2020,CORABASTOS,KENNEDY,20973,3301.0,0.1573928384112907
2020,COUNTRY CLUB,USAQUEN,465,100.0,0.21505376344086022
2020,DANUBIO,USME,6459,1413.0,0.21876451463074778
2020,DIANA TURBAY,RAFAEL URIBE URIBE,5389,2385.0,0.4425681944702171
2020,DOCE DE OCTUBRE,BARRIOS UNIDOS,4256,678.0,0.15930451127819548
2020,EL MOCHUELO,CIUDAD BOLIVAR,36,12.0,0.3333333333333333
2020,EL PORVENIR,BOSA,6092,1482.0,0.2432698621142482
2020,EL PRADO,SUBA,1827,361.0,0.19759168035030103
2020,EL REFUGIO,CHAPINERO,1096,175.0,0.15967153284671534
2020,EL RINCON,SUBA,14401,4044.0,0.28081383237275187
2020,EL TESORO,CIUDAD BOLIVAR,2949,884.0,0.2997626314004747
2020,ENGATIVA,ENGATIVA,2253,967.0,0.42920550377274747
2020,FONTIBON,FONTIBON,5245,1669.0,0.31820781696854145
2020,FONTIBON SAN PABLO,FONTIBON,1167,322.0,0.2759211653813196
2020,GALERIAS,TEUSAQUILLO,4285,1087.0,0.25367561260210036
2020,GARCES NAVAS,ENGATIVA,2198,644.0,0.2929936305732484
2020,GRAN BRITALIA,KENNEDY,5584,1555.0,0.27847421203438394
2020,GRAN YOMASA,USME,8889,2835.0,0.3189335133310834
2020,GRANJAS DE TECHO,FONTIBON,1856,364.0,0.1961206896551724
2020,GUAYMARAL,SUBA,48,31.0,0.6458333333333334
2020,ISMAEL PERDOMO,CIUDAD BOLIVAR,11795,3493.0,0.29614243323442135
2020,JARDIN BOTANICO,ENGATIVA,1300,108.0,0.08307692307692308
2020,JERUSALEM,CIUDAD BOLIVAR,5318,1507.0,0.2833772094772471
2020,KENNEDY CENTRAL,KENNEDY,5237,885.0,0.16898987970211954
2020,LA ACADEMIA,SUBA,76,24.0,0.3157894736842105
2020,LA ALHAMBRA,SUBA,2077,188.0,0.09051516610495908
2020,LA CANDELARIA,CANDELARIA,7932,3368.0,0.42460917801311143
2020,LA ESMERALDA,TEUSAQUILLO,1190,263.0,0.22100840336134453
2020,LA FLORA,USME,731,240.0,0.3283173734610123
2020,LA FLORESTA,SUBA,1411,144.0,0.10205527994330262
2020,LA GLORIA,SAN CRISTOBAL,3994,1129.0,0.2826740110165248
2020,LA MACARENA,SANTA FE,1988,478.0,0.24044265593561368
2020,LA SABANA,LOS MARTIRES,21827,3992.0,0.1828927475145462
2020,LA SABANA,PUENTE ARANDA,2,3992.0,1996.0
2020,LA URIBE,USAQUEN,2454,571.0,0.23268133659331702
2020,LAS CRUCES,SAN CRISTOBAL,27,3947.0,146.1851851851852
2020,LAS CRUCES,SANTA FE,9453,3947.0,0.4175394054797419
2020,LAS FERIAS,ENGATIVA,3380,862.0,0.25502958579881657
2020,LAS MARGARITAS,KENNEDY,5207,939.0,0.18033416554637988
2020,LAS NIEVES,SANTA FE,27358,7663.0,0.28010088456758536
2020,LOS ALCAZARES,BARRIOS UNIDOS,7934,1674.0,0.21099067305268465
2020,LOS ANDES,BARRIOS UNIDOS,2803,434.0,0.15483410631466285
2020,LOS CEDROS,USAQUEN,3150,669.0,0.2123809523809524
2020,LOS LIBERTADORES,SAN CRISTOBAL,3939,934.0,0.23711601929423712
2020,LOURDES,SANTA FE,9372,2982.0,0.3181818181818182
2020,LUCERO,CIUDAD BOLIVAR,12727,4532.0,0.3560933448573898
2020,MARCO FIDEL SUAREZ,RAFAEL URIBE URIBE,4908,2190.0,0.44621026894865523
2020,MARRUECOS,RAFAEL URIBE URIBE,5364,1946.0,0.3627889634601044
2020,MINUTO DE DIOS,ENGATIVA,3427,844.0,0.24627954479136271
2020,MODELIA,FONTIBON,903,165.0,0.18272425249169436
2020,MONTE BLANCO,CIUDAD BOLIVAR,64,17.0,0.265625
2020,MUZU,PUENTE ARANDA,1713,247.0,0.14419147694103912
2020,NIZA,SUBA,3567,375.0,0.10513036164844407
2020,PARDO RUBIO,CHAPINERO,939,206.0,0.21938232161874335
2020,PARQUE ENTRENUBES,RAFAEL URIBE URIBE,1,11.0,11.0
2020,PARQUE ENTRENUBES,USME,20,11.0,0.55
2020,PARQUE SALITRE,BARRIOS UNIDOS,266,50.0,0.18796992481203006
2020,PARQUE SIMON BOLIVAR - CAN,TEUSAQUILLO,2235,273.0,0.1221476510067114
2020,PASEO DE LOS LIBERTADORES,USAQUEN,272,120.0,0.4411764705882353
2020,PATIO BONITO,KENNEDY,15959,3592.0,0.22507675919543832
2020,PUENTE ARANDA,PUENTE ARANDA,1325,151.0,0.11396226415094339
2020,QUINTA PAREDES,TEUSAQUILLO,2344,519.0,0.22141638225255972
2020,QUIROGA,RAFAEL URIBE URIBE,7292,2294.0,0.31459133296763575
2020,RESTREPO,ANTONIO NARI?O,5306,1164.0,0.2193742932529212
2020,SAGRADO CORAZON,SANTA FE,3608,802.0,0.2222838137472284
2020,SAN BLAS,SAN CRISTOBAL,3600,686.0,0.19055555555555556
2020,SAN CRISTOBAL NORTE,USAQUEN,1948,738.0,0.3788501026694045
2020,SAN FRANCISCO,CIUDAD BOLIVAR,6708,1830.0,0.27280858676207514
2020,SAN ISIDRO - PATIOS,CHAPINERO,203,48.0,0.23645320197044334
2020,SAN ISIDRO - PATIOS,USAQUEN,29,48.0,1.6551724137931034
2020,SAN JOSE,RAFAEL URIBE URIBE,2698,1025.0,0.3799110452186805
2020,SAN JOSE DE BAVARIA,SUBA,1808,325.0,0.17975663716814158
2020,SAN RAFAEL,PUENTE ARANDA,2861,427.0,0.14924851450541768
2020,SANTA BARBARA,USAQUEN,2913,617.0,0.2118091314795743
2020,SANTA CECILIA,ENGATIVA,1414,431.0,0.3048090523338048
2020,SANTA ISABEL,LOS MARTIRES,2201,505.0,0.22944116310767831
2020,SIN LOCALIZACION,ANTONIO NARI?O,111,1042.0,9.387387387387387
2020,SIN LOCALIZACION,BARRIOS UNIDOS,158,1042.0,6.594936708860759
2020,SIN LOCALIZACION,BOSA,159,1042.0,6.553459119496855
2020,SIN LOCALIZACION,CANDELARIA,28,1042.0,37.214285714285715
2020,SIN LOCALIZACION,CHAPINERO,240,1042.0,4.341666666666667
2020,SIN LOCALIZACION,CIUDAD BOLIVAR,189,1042.0,5.5132275132275135
2020,SIN LOCALIZACION,ENGATIVA,46,1042.0,22.652173913043477
2020,SIN LOCALIZACION,FONTIBON,125,1042.0,8.336
2020,SIN LOCALIZACION,KENNEDY,558,1042.0,1.8673835125448028
2020,SIN LOCALIZACION,LOS MARTIRES,218,1042.0,4.779816513761468
2020,SIN LOCALIZACION,PUENTE ARANDA,133,1042.0,7.834586466165414
2020,SIN LOCALIZACION,RAFAEL URIBE URIBE,445,1042.0,2.3415730337078653
2020,SIN LOCALIZACION,SAN CRISTOBAL,80,1042.0,13.025
2020,SIN LOCALIZACION,SANTA FE,356,1042.0,2.9269662921348316
2020,SIN LOCALIZACION,SUBA,58,1042.0,17.96551724137931
2020,SIN LOCALIZACION,TEUSAQUILLO,92,1042.0,11.326086956521738
2020,SIN LOCALIZACION,TUNJUELITO,196,1042.0,5.316326530612245
2020,SIN LOCALIZACION,USAQUEN,275,1042.0,3.789090909090909
2020,SIN LOCALIZACION,USME,127,1042.0,8.204724409448819
2020,SOSIEGO,SAN CRISTOBAL,3281,705.0,0.21487351417250838
2020,SUBA,SUBA,6648,1337.0,0.20111311672683513
2020,TEUSAQUILLO,TEUSAQUILLO,6697,1825.0,0.2725100791399134
2020,TIBABUYES,SUBA,15430,5658.0,0.3666882696046662
2020,TIMIZA,KENNEDY,5768,1037.0,0.17978502080443828
2020,TINTAL NORTE,KENNEDY,688,154.0,0.2238372093023256
2020,TINTAL SUR,BOSA,6127,1158.0,0.18899951036396279
2020,TOBERIN,USAQUEN,2502,590.0,0.23581135091926458
2020,TUNJUELITO,TUNJUELITO,8892,2036.0,0.2289698605488079
2020,UPR RIO TUNJUELO,CIUDAD BOLIVAR,509,131.0,0.25736738703339884
2020,UPR RIO TUNJUELO,USME,88,131.0,1.4886363636363635
2020,UPR ZONA NORTE,SUBA,478,173.0,0.3619246861924686
2020,UPR ZONA NORTE,USAQUEN,5,173.0,34.6
2020,USAQUEN,USAQUEN,1056,283.0,0.26799242424242425
2020,VENECIA,TUNJUELITO,33802,6574.0,0.19448553340039051
2020,VERBENAL,USAQUEN,4179,1381.0,0.3304618329743958
2020,ZONA FRANCA,FONTIBON,1390,287.0,0.20647482014388488
2020,ZONA INDUSTRIAL,PUENTE ARANDA,4387,532.0,0.12126738089810804
2021,-,SIN LOCALIZACION,3,3.0,1.0
2021,20 DE JULIO,SAN CRISTOBAL,5470,2110.0,0.3857404021937843
2021,AEROPUERTO EL DORADO,FONTIBON,1026,80.0,0.07797270955165692
2021,ALAMOS,ENGATIVA,2180,693.0,0.31788990825688074
2021,ALFONSO LOPEZ,USME,3128,2283.0,0.7298593350383632
2021,AMERICAS,KENNEDY,5515,2278.0,0.4130553037171351
2021,APOGEO,BOSA,6782,2858.0,0.4214096136832793
2021,ARBORIZADORA,CIUDAD BOLIVAR,1031,568.0,0.550921435499515
2021,BAVARIA,KENNEDY,1558,870.0,0.558408215661104
2021,BOLIVIA,ENGATIVA,3191,708.0,0.2218740206831714
2021,BOSA CENTRAL,BOSA,12009,7200.0,0.5995503372470647
2021,BOSA OCCIDENTAL,BOSA,8750,4686.0,0.5355428571428571
2021,BOYACA REAL,ENGATIVA,4729,1807.0,0.38211038274476633
2021,BRITALIA,SUBA,2066,475.0,0.22991287512100678
2021,CALANDAIMA,KENNEDY,2715,1472.0,0.5421731123388582
2021,CAPELLANIA,FONTIBON,1608,317.0,0.19713930348258707
2021,CARVAJAL,KENNEDY,5259,2638.0,0.5016162768587183
2021,CASA BLANCA SUBA,SUBA,407,116.0,0.28501228501228504
2021,CASTILLA,KENNEDY,6148,2419.0,0.3934612882238126
2021,CHAPINERO,CHAPINERO,8755,2045.0,0.23358081096516276
2021,CHICO LAGO,CHAPINERO,10850,2869.0,0.2644239631336405
2021,CIUDAD JARDIN,ANTONIO NARI?O,2362,825.0,0.34928027095681624
2021,CIUDAD MONTES,PUENTE ARANDA,3957,1329.0,0.33586050037907506
2021,CIUDAD SALITRE OCCIDENTAL,FONTIBON,3800,1501.0,0.395
2021,CIUDAD SALITRE ORIENTAL,TEUSAQUILLO,669,191.0,0.28550074738415543
2021,CIUDAD USME,USME,1319,939.0,0.7119029567854435
2021,COMUNEROS,USME,3597,2720.0,0.7561857103141507
2021,CORABASTOS,KENNEDY,13012,6576.0,0.5053796495542576
2021,COUNTRY CLUB,USAQUEN,629,267.0,0.424483306836248
2021,DANUBIO,USME,7012,2853.0,0.40687393040501996
2021,DIANA TURBAY,RAFAEL URIBE URIBE,4303,3455.0,0.8029281896351382
2021,DOCE DE OCTUBRE,BARRIOS UNIDOS,5049,1722.0,0.34105763517528226
2021,EL MOCHUELO,CIUDAD BOLIVAR,34,17.0,0.5
2021,EL PORVENIR,BOSA,4902,2927.0,0.5971032231742146
2021,EL PRADO,SUBA,2829,980.0,0.34641215977377166
2021,EL REFUGIO,CHAPINERO,739,287.0,0.38836265223274696
2021,EL RINCON,SUBA,11185,4763.0,0.42583817612874386
2021,EL TESORO,CIUDAD BOLIVAR,932,600.0,0.6437768240343348
2021,ENGATIVA,ENGATIVA,1789,1222.0,0.6830631637786473
2021,FONTIBON,FONTIBON,5629,2675.0,0.47521762302362763
2021,FONTIBON SAN PABLO,FONTIBON,1120,526.0,0.46964285714285714
2021,GALERIAS,TEUSAQUILLO,4040,1161.0,0.28737623762376235
2021,GARCES NAVAS,ENGATIVA,1890,1206.0,0.638095238095238
2021,GRAN BRITALIA,KENNEDY,3417,2324.0,0.6801287679250805
2021,GRAN YOMASA,USME,6412,4485.0,0.6994697442295695
2021,GRANJAS DE TECHO,FONTIBON,1774,595.0,0.33540022547914317
2021,GUAYMARAL,SUBA,101,73.0,0.7227722772277227
2021,ISMAEL PERDOMO,CIUDAD BOLIVAR,2679,1690.0,0.6308324001493094
2021,JARDIN BOTANICO,ENGATIVA,1237,207.0,0.16734033953112368
2021,JERUSALEM,CIUDAD BOLIVAR,1306,825.0,0.6316998468606432
2021,KENNEDY CENTRAL,KENNEDY,2841,1500.0,0.5279831045406547
2021,LA ACADEMIA,SUBA,129,64.0,0.49612403100775193
2021,LA ALHAMBRA,SUBA,3506,715.0,0.20393610952652597
2021,LA CANDELARIA,CANDELARIA,9170,5102.0,0.5563794983642312
2021,LA ESMERALDA,TEUSAQUILLO,618,244.0,0.3948220064724919
2021,LA FLORA,USME,705,443.0,0.6283687943262412
2021,LA FLORESTA,SUBA,2168,396.0,0.18265682656826568
2021,LA GLORIA,SAN CRISTOBAL,2739,1879.0,0.6860167944505294
2021,LA MACARENA,SANTA FE,1416,416.0,0.2937853107344633
2021,LA SABANA,LOS MARTIRES,23521,8110.0,0.3447982653798733
2021,LA URIBE,USAQUEN,3358,979.0,0.29154258487194756
2021,LAS CRUCES,SANTA FE,11268,4331.0,0.38436279730209444
2021,LAS FERIAS,ENGATIVA,3079,1346.0,0.4371549204287106
2021,LAS MARGARITAS,KENNEDY,3765,1465.0,0.3891102257636122
2021,LAS NIEVES,SANTA FE,24187,7743.0,0.3201306486955803
2021,LOS ALCAZARES,BARRIOS UNIDOS,7289,3343.0,0.45863630127589516
2021,LOS ANDES,BARRIOS UNIDOS,5515,1328.0,0.24079782411604714
2021,LOS CEDROS,USAQUEN,3960,1407.0,0.3553030303030303
2021,LOS LIBERTADORES,SAN CRISTOBAL,2567,1620.0,0.6310868718348266
2021,LOURDES,SANTA FE,6185,2541.0,0.4108326596604689
2021,LUCERO,CIUDAD BOLIVAR,4963,3466.0,0.6983679226274431
2021,MARCO FIDEL SUAREZ,RAFAEL URIBE URIBE,6946,3981.0,0.5731356176216528
2021,MARRUECOS,RAFAEL URIBE URIBE,6575,3005.0,0.4570342205323194
2021,MINUTO DE DIOS,ENGATIVA,2027,1147.0,0.5658608781450419
2021,MODELIA,FONTIBON,1009,276.0,0.27353815659068387
2021,MONTE BLANCO,CIUDAD BOLIVAR,24,8.0,0.3333333333333333
2021,MUZU,PUENTE ARANDA,1455,644.0,0.44261168384879723
2021,NIZA,SUBA,5674,1101.0,0.19404300317236517
2021,PARDO RUBIO,CHAPINERO,1139,510.0,0.44776119402985076
2021,PARQUE ENTRENUBES,RAFAEL URIBE URIBE,1,13.0,13.0
2021,PARQUE ENTRENUBES,USME,18,13.0,0.7222222222222222
2021,PARQUE SALITRE,BARRIOS UNIDOS,299,130.0,0.43478260869565216
2021,PARQUE SIMON BOLIVAR - CAN,TEUSAQUILLO,2283,535.0,0.23434077967586509
2021,PASEO DE LOS LIBERTADORES,USAQUEN,153,135.0,0.8823529411764706
2021,PATIO BONITO,KENNEDY,12650,6223.0,0.49193675889328065
2021,PUENTE ARANDA,PUENTE ARANDA,1701,588.0,0.345679012345679
2021,QUINTA PAREDES,TEUSAQUILLO,1922,718.0,0.37356919875130074
2021,QUIROGA,RAFAEL URIBE URIBE,7669,4446.0,0.5797366019037684
2021,RESTREPO,ANTONIO NARI?O,4079,1795.0,0.44005883795047807
2021,SAGRADO CORAZON,SANTA FE,4790,1200.0,0.25052192066805845
2021,SAN BLAS,SAN CRISTOBAL,2487,1207.0,0.48532368315239244
2021,SAN CRISTOBAL NORTE,USAQUEN,1813,1133.0,0.6249310535024821
2021,SAN FRANCISCO,CIUDAD BOLIVAR,1899,1210.0,0.6371774618220116
2021,SAN ISIDRO - PATIOS,CHAPINERO,187,77.0,0.4117647058823529
2021,SAN JOSE,RAFAEL URIBE URIBE,3580,2287.0,0.6388268156424581
2021,SAN JOSE DE BAVARIA,SUBA,2596,655.0,0.25231124807395994
2021,SAN RAFAEL,PUENTE ARANDA,2168,1152.0,0.5313653136531366
2021,SANTA BARBARA,USAQUEN,4014,1361.0,0.33906327852516194
2021,SANTA CECILIA,ENGATIVA,1103,622.0,0.5639165911151405
2021,SANTA ISABEL,LOS MARTIRES,3491,1280.0,0.3666571183042108
2021,SIN LOCALIZACION,ANTONIO NARI?O,1,20.0,20.0
2021,SIN LOCALIZACION,BARRIOS UNIDOS,1,20.0,20.0
2021,SIN LOCALIZACION,BOSA,36,20.0,0.5555555555555556
2021,SIN LOCALIZACION,CANDELARIA,1,20.0,20.0
2021,SIN LOCALIZACION,CHAPINERO,2,20.0,10.0
2021,SIN LOCALIZACION,CIUDAD BOLIVAR,1,20.0,20.0
2021,SIN LOCALIZACION,ENGATIVA,1,20.0,20.0
2021,SIN LOCALIZACION,FONTIBON,4,20.0,5.0
2021,SIN LOCALIZACION,LOS MARTIRES,2,20.0,10.0
2021,SIN LOCALIZACION,RAFAEL URIBE URIBE,1,20.0,20.0
2021,SIN LOCALIZACION,SUBA,2,20.0,10.0
2021,SIN LOCALIZACION,TEUSAQUILLO,1,20.0,20.0
2021,SIN LOCALIZACION,USAQUEN,1,20.0,20.0
2021,SIN LOCALIZACION,USME,1,20.0,20.0
2021,SIN UPZ CHAPINERO,CHAPINERO,272,82.0,0.3014705882352941
2021,SIN UPZ RAFAEL URIBE URIBE,RAFAEL URIBE URIBE,206,139.0,0.6747572815533981
2021,SIN UPZ SAN CRISTOBAL,SAN CRISTOBAL,81,32.0,0.3950617283950617
2021,SIN UPZ SANTA FE,SANTA FE,452,109.0,0.2411504424778761
2021,SIN UPZ SUBA,SUBA,14,9.0,0.6428571428571429
2021,SIN UPZ USAQUEN,USAQUEN,411,164.0,0.39902676399026765
2021,SIN UPZ USME,USME,316,203.0,0.6424050632911392
2021,SOSIEGO,SAN CRISTOBAL,2425,1148.0,0.4734020618556701
2021,SUBA,SUBA,7739,2178.0,0.2814317095231942
2021,TEUSAQUILLO,TEUSAQUILLO,5345,1913.0,0.3579045837231057
2021,TIBABUYES,SUBA,9364,4819.0,0.5146304997864161
2021,TIMIZA,KENNEDY,2685,1604.0,0.5973929236499069
2021,TINTAL NORTE,KENNEDY,703,448.0,0.6372688477951636
2021,TINTAL SUR,BOSA,3850,1440.0,0.37402597402597404
2021,TOBERIN,USAQUEN,2869,1049.0,0.3656326246078773
2021,TUNJUELITO,TUNJUELITO,5354,3389.0,0.6329846843481509
2021,UPR RIO TUNJUELO,CIUDAD BOLIVAR,219,128.0,0.5844748858447488
2021,UPR ZONA NORTE,SUBA,336,191.0,0.5684523809523809
2021,USAQUEN,USAQUEN,555,341.0,0.6144144144144145
2021,VENECIA,TUNJUELITO,22260,10431.0,0.46859838274932614
2021,VERBENAL,USAQUEN,3124,1663.0,0.5323303457106274
2021,ZONA FRANCA,FONTIBON,989,441.0,0.44590495449949447
2021,ZONA INDUSTRIAL,PUENTE ARANDA,5459,1716.0,0.31434328631617514
2022,-,SIN LOCALIZACION,6,2.0,0.3333333333333333
2022,20 DE JULIO,SAN CRISTOBAL,4829,2416.0,0.500310623317457
2022,AEROPUERTO EL DORADO,FONTIBON,263,42.0,0.1596958174904943
2022,ALAMOS,ENGATIVA,3260,921.0,0.28251533742331286
2022,ALFONSO LOPEZ,USME,2257,1360.0,0.6025697828976517
2022,AMERICAS,KENNEDY,3041,1414.0,0.4649786254521539
2022,APOGEO,BOSA,7122,3010.0,0.4226340915473182
2022,ARBORIZADORA,CIUDAD BOLIVAR,1488,1029.0,0.6915322580645161
2022,BAVARIA,KENNEDY,761,382.0,0.5019710906701709
2022,BOLIVIA,ENGATIVA,3463,1107.0,0.31966503032053134
2022,BOSA CENTRAL,BOSA,15199,7232.0,0.4758207776827423
2022,BOSA OCCIDENTAL,BOSA,10224,4447.0,0.43495696400625977
2022,BOYACA REAL,ENGATIVA,4121,1811.0,0.43945644261101674
2022,BRITALIA,SUBA,1102,393.0,0.3566243194192377
2022,CALANDAIMA,KENNEDY,1984,996.0,0.5020161290322581
2022,CAPELLANIA,FONTIBON,2191,540.0,0.2464628023733455
2022,CARVAJAL,KENNEDY,3264,1718.0,0.5263480392156863
2022,CASA BLANCA SUBA,SUBA,298,73.0,0.24496644295302014
2022,CASTILLA,KENNEDY,3530,1443.0,0.40878186968838526
2022,CHAPINERO,CHAPINERO,5744,1669.0,0.2905640668523677
2022,CHICO LAGO,CHAPINERO,9508,1855.0,0.19509886411442995
2022,CIUDAD JARDIN,ANTONIO NARI?O,2283,921.0,0.40341655716162944
2022,CIUDAD MONTES,PUENTE ARANDA,3435,964.0,0.2806404657933042
2022,CIUDAD SALITRE OCCIDENTAL,FONTIBON,2690,1359.0,0.5052044609665427
2022,CIUDAD SALITRE ORIENTAL,TEUSAQUILLO,691,225.0,0.3256150506512301
2022,CIUDAD USME,USME,1143,795.0,0.6955380577427821
2022,COMUNEROS,USME,2310,1644.0,0.7116883116883117
2022,CORABASTOS,KENNEDY,8886,5411.0,0.6089354040063021
2022,COUNTRY CLUB,USAQUEN,319,122.0,0.3824451410658307
2022,DANUBIO,USME,6193,2078.0,0.3355401259486517
2022,DIANA TURBAY,RAFAEL URIBE URIBE,4832,3057.0,0.6326572847682119
2022,DOCE DE OCTUBRE,BARRIOS UNIDOS,3896,1398.0,0.35882956878850103
2022,EL MOCHUELO,CIUDAD BOLIVAR,20,14.0,0.7
2022,EL PORVENIR,BOSA,5398,2319.0,0.4296035568729159
2022,EL PRADO,SUBA,1619,663.0,0.4095120444718962
2022,EL REFUGIO,CHAPINERO,668,213.0,0.3188622754491018
2022,EL RINCON,SUBA,10710,4435.0,0.41409897292250236
2022,EL TESORO,CIUDAD BOLIVAR,1526,1055.0,0.6913499344692006
2022,ENGATIVA,ENGATIVA,2088,1396.0,0.6685823754789272
2022,FONTIBON,FONTIBON,6177,2779.0,0.44989477092439695
2022,FONTIBON SAN PABLO,FONTIBON,1014,446.0,0.43984220907297833
2022,GALERIAS,TEUSAQUILLO,2309,697.0,0.3018622780424426
2022,GARCES NAVAS,ENGATIVA,2284,1594.0,0.6978984238178634
2022,GRAN BRITALIA,KENNEDY,1841,1308.0,0.710483432916893
2022,GRAN YOMASA,USME,4357,3048.0,0.6995639201285287
2022,GRANJAS DE TECHO,FONTIBON,2151,870.0,0.40446304044630405
2022,GUAYMARAL,SUBA,109,45.0,0.41284403669724773
2022,ISMAEL PERDOMO,CIUDAD BOLIVAR,4473,3120.0,0.6975184439973172
2022,JARDIN BOTANICO,ENGATIVA,1704,353.0,0.20715962441314553
2022,JERUSALEM,CIUDAD BOLIVAR,2289,1800.0,0.7863695937090432
2022,KENNEDY CENTRAL,KENNEDY,1919,1004.0,0.5231891610213653
2022,LA ACADEMIA,SUBA,196,50.0,0.25510204081632654
2022,LA ALHAMBRA,SUBA,2627,466.0,0.1773886562618957
2022,LA CANDELARIA,CANDELARIA,7612,3170.0,0.4164477141355754
2022,LA ESMERALDA,TEUSAQUILLO,578,218.0,0.3771626297577855
2022,LA FLORA,USME,1106,942.0,0.8517179023508138
2022,LA FLORESTA,SUBA,1676,265.0,0.1581145584725537
2022,LA GLORIA,SAN CRISTOBAL,2417,1808.0,0.7480347538270583
2022,LA MACARENA,SANTA FE,812,297.0,0.3657635467980296
2022,LA SABANA,LOS MARTIRES,21459,8510.0,0.3965702036441586
2022,LA URIBE,USAQUEN,3156,728.0,0.23067173637515842
2022,LAS CRUCES,SANTA FE,8235,3270.0,0.3970856102003643
2022,LAS FERIAS,ENGATIVA,4116,1886.0,0.4582118561710398
2022,LAS MARGARITAS,KENNEDY,2673,977.0,0.3655069210624766
2022,LAS NIEVES,SANTA FE,15328,6448.0,0.42066805845511485
2022,LOS ALCAZARES,BARRIOS UNIDOS,6504,2961.0,0.45525830258302585
2022,LOS ANDES,BARRIOS UNIDOS,4747,1143.0,0.24078365283336844
2022,LOS CEDROS,USAQUEN,2751,805.0,0.2926208651399491
2022,LOS LIBERTADORES,SAN CRISTOBAL,2656,1954.0,0.7356927710843374
2022,LOURDES,SANTA FE,2134,1297.0,0.6077788191190253
2022,LUCERO,CIUDAD BOLIVAR,6639,5198.0,0.7829492393432745
2022,MARCO FIDEL SUAREZ,RAFAEL URIBE URIBE,6881,3653.0,0.53088213922395
2022,MARRUECOS,RAFAEL URIBE URIBE,7266,2344.0,0.322598403523259
2022,MINUTO DE DIOS,ENGATIVA,2449,1228.0,0.5014291547570436
2022,MODELIA,FONTIBON,767,280.0,0.3650586701434159
2022,MONTE BLANCO,CIUDAD BOLIVAR,92,39.0,0.42391304347826086
2022,MUZU,PUENTE ARANDA,988,388.0,0.39271255060728744
2022,NIZA,SUBA,5095,892.0,0.17507360157016683
2022,PARDO RUBIO,CHAPINERO,915,326.0,0.35628415300546445
2022,PARQUE ENTRENUBES,RAFAEL URIBE URIBE,2,26.0,13.0
2022,PARQUE ENTRENUBES,USME,29,26.0,0.896551724137931
2022,PARQUE SALITRE,BARRIOS UNIDOS,242,101.0,0.41735537190082644
2022,PARQUE SIMON BOLIVAR - CAN,TEUSAQUILLO,2095,461.0,0.22004773269689737
2022,PASEO DE LOS LIBERTADORES,USAQUEN,64,42.0,0.65625
2022,PATIO BONITO,KENNEDY,12005,5318.0,0.4429820907955019
2022,PUENTE ARANDA,PUENTE ARANDA,1128,412.0,0.36524822695035464
2022,QUINTA PAREDES,TEUSAQUILLO,2082,442.0,0.21229586935638808
2022,QUIROGA,RAFAEL URIBE URIBE,7980,3991.0,0.500125313283208
2022,RESTREPO,ANTONIO NARI?O,5552,2826.0,0.5090057636887608
2022,SAGRADO CORAZON,SANTA FE,1937,815.0,0.4207537429013939
2022,SAN BLAS,SAN CRISTOBAL,1804,1349.0,0.7477827050997783
2022,SAN CRISTOBAL NORTE,USAQUEN,1055,569.0,0.5393364928909953
2022,SAN FRANCISCO,CIUDAD BOLIVAR,2796,2024.0,0.7238912732474965
2022,SAN ISIDRO - PATIOS,CHAPINERO,146,77.0,0.5273972602739726
2022,SAN JOSE,RAFAEL URIBE URIBE,4066,2289.0,0.5629611411706837
2022,SAN JOSE DE BAVARIA,SUBA,2212,572.0,0.2585895117540687
2022,SAN RAFAEL,PUENTE ARANDA,1173,380.0,0.32395566922421143
2022,SANTA BARBARA,USAQUEN,1499,466.0,0.31087391594396263
2022,SANTA CECILIA,ENGATIVA,1039,636.0,0.6121270452358036
2022,SANTA ISABEL,LOS MARTIRES,2930,926.0,0.31604095563139933
2022,SIN LOCALIZACION,ANTONIO NARI?O,1,38.0,38.0
2022,SIN LOCALIZACION,BOSA,12,38.0,3.1666666666666665
2022,SIN LOCALIZACION,CHAPINERO,1,38.0,38.0
2022,SIN LOCALIZACION,CIUDAD BOLIVAR,17,38.0,2.235294117647059
2022,SIN LOCALIZACION,ENGATIVA,5,38.0,7.6
2022,SIN LOCALIZACION,FONTIBON,4,38.0,9.5
2022,SIN LOCALIZACION,KENNEDY,6,38.0,6.333333333333333
2022,SIN LOCALIZACION,LOS MARTIRES,3,38.0,12.666666666666666
2022,SIN LOCALIZACION,PUENTE ARANDA,4,38.0,9.5
2022,SIN LOCALIZACION,SAN CRISTOBAL,2,38.0,19.0
2022,SIN LOCALIZACION,SUBA,7,38.0,5.428571428571429
2022,SIN LOCALIZACION,TUNJUELITO,1,38.0,38.0
2022,SIN LOCALIZACION,USAQUEN,2,38.0,19.0
2022,SIN LOCALIZACION,USME,1,38.0,38.0
2022,SIN UPZ CHAPINERO,CHAPINERO,162,44.0,0.2716049382716049
2022,SIN UPZ RAFAEL URIBE URIBE,RAFAEL URIBE URIBE,97,70.0,0.7216494845360825
2022,SIN UPZ SAN CRISTOBAL,SAN CRISTOBAL,41,26.0,0.6341463414634146
2022,SIN UPZ SANTA FE,SANTA FE,140,69.0,0.4928571428571429
2022,SIN UPZ SUBA,SUBA,7,1.0,0.14285714285714285
2022,SIN UPZ USAQUEN,USAQUEN,207,71.0,0.34299516908212563
2022,SIN UPZ USME,USME,503,348.0,0.6918489065606361
2022,SOSIEGO,SAN CRISTOBAL,2125,1307.0,0.6150588235294118
2022,SUBA,SUBA,8516,2258.0,0.265147956787224
2022,TEUSAQUILLO,TEUSAQUILLO,3357,1116.0,0.3324396782841823
2022,TIBABUYES,SUBA,7926,3685.0,0.464925561443351
2022,TIMIZA,KENNEDY,1894,1072.0,0.5659978880675819
2022,TINTAL NORTE,KENNEDY,478,296.0,0.6192468619246861
2022,TINTAL SUR,BOSA,4173,1312.0,0.31440210879463215
2022,TOBERIN,USAQUEN,1727,560.0,0.3242617255356109
2022,TUNJUELITO,TUNJUELITO,3504,2191.0,0.6252853881278538
2022,UPR RIO BLANCO,SUMAPAZ,2,0.0,0.0
2022,UPR RIO TUNJUELO,CIUDAD BOLIVAR,379,274.0,0.7229551451187335
2022,UPR ZONA NORTE,SUBA,321,138.0,0.42990654205607476
2022,USAQUEN,USAQUEN,363,159.0,0.4380165289256198
2022,VENECIA,TUNJUELITO,11354,5851.0,0.5153249955962657
2022,VERBENAL,USAQUEN,2662,1296.0,0.4868519909842224
2022,ZONA FRANCA,FONTIBON,1180,542.0,0.45932203389830506
2022,ZONA INDUSTRIAL,PUENTE ARANDA,4973,1249.0,0.25115624371606676
2023,20 DE JULIO,SAN CRISTOBAL,4946,1770.0,0.357864941366761
2023,AEROPUERTO EL DORADO,FONTIBON,469,249.0,0.5309168443496801
2023,ALAMOS,ENGATIVA,5548,1150.0,0.2072819033886085
2023,ALFONSO LOPEZ,USME,2495,1911.0,0.7659318637274549
2023,AMERICAS,KENNEDY,3555,1682.0,0.4731364275668073
2023,APOGEO,BOSA,8816,2568.0,0.2912885662431942
2023,ARBORIZADORA,CIUDAD BOLIVAR,2005,977.0,0.48728179551122197
2023,BAVARIA,KENNEDY,860,423.0,0.49186046511627907
2023,BOLIVIA,ENGATIVA,3913,1318.0,0.33682596473294146
2023,BOSA CENTRAL,BOSA,10682,3913.0,0.36631716906946266
2023,BOSA OCCIDENTAL,BOSA,6549,2538.0,0.38754008245533667
2023,BOYACA REAL,ENGATIVA,5644,2096.0,0.371367824238129
2023,BRITALIA,SUBA,1605,413.0,0.2573208722741433
2023,CALANDAIMA,KENNEDY,3302,1687.0,0.5109024833434282
2023,CAPELLANIA,FONTIBON,2276,592.0,0.2601054481546573
2023,CARVAJAL,KENNEDY,4102,2130.0,0.5192588980984886
2023,CASA BLANCA SUBA,SUBA,458,160.0,0.34934497816593885
2023,CASTILLA,KENNEDY,5676,2256.0,0.3974630021141649
2023,CHAPINERO,CHAPINERO,7382,1577.0,0.2136277431590355
2023,CHICO LAGO,CHAPINERO,12130,1900.0,0.15663643858202803
2023,CIUDAD JARDIN,ANTONIO NARI?O,3800,1139.0,0.29973684210526313
2023,CIUDAD MONTES,PUENTE ARANDA,4045,713.0,0.17626699629171816
2023,CIUDAD SALITRE OCCIDENTAL,FONTIBON,2700,996.0,0.3688888888888889
2023,CIUDAD SALITRE ORIENTAL,TEUSAQUILLO,1263,260.0,0.2058590657165479
2023,CIUDAD USME,USME,1015,866.0,0.8532019704433498
2023,COMUNEROS,USME,2613,2018.0,0.7722923842326828
2023,CORABASTOS,KENNEDY,7682,4229.0,0.5505076802915907
2023,COUNTRY CLUB,USAQUEN,1057,169.0,0.1598864711447493
2023,DANUBIO,USME,9038,2327.0,0.2574684664748838
2023,DIANA TURBAY,RAFAEL URIBE URIBE,3607,2359.0,0.6540060992514555
2023,DOCE DE OCTUBRE,BARRIOS UNIDOS,4110,578.0,0.14063260340632602
2023,EL MOCHUELO,CIUDAD BOLIVAR,37,18.0,0.4864864864864865
2023,EL PORVENIR,BOSA,3657,1129.0,0.30872299699207
2023,EL PRADO,SUBA,3441,763.0,0.22173786689915723
2023,EL REFUGIO,CHAPINERO,1119,332.0,0.2966934763181412
2023,EL RINCON,SUBA,9451,3267.0,0.3456777060628505
2023,EL TESORO,CIUDAD BOLIVAR,1559,1142.0,0.7325208466966003
2023,ENGATIVA,ENGATIVA,4140,2306.0,0.5570048309178744
2023,FONTIBON,FONTIBON,4789,2540.0,0.5303821257047401
2023,FONTIBON SAN PABLO,FONTIBON,691,345.0,0.4992764109985528
2023,GALERIAS,TEUSAQUILLO,4297,928.0,0.21596462648359321
2023,GARCES NAVAS,ENGATIVA,3311,2166.0,0.6541830262760495
2023,GRAN BRITALIA,KENNEDY,3011,2189.0,0.7270009963467287
2023,GRAN YOMASA,USME,4178,3001.0,0.7182862613690761
2023,GRANJAS DE TECHO,FONTIBON,1871,911.0,0.48690539818278994
2023,GUAYMARAL,SUBA,84,39.0,0.4642857142857143
2023,ISMAEL PERDOMO,CIUDAD BOLIVAR,5052,3027.0,0.5991686460807601
2023,JARDIN BOTANICO,ENGATIVA,2478,363.0,0.14648910411622276
2023,JERUSALEM,CIUDAD BOLIVAR,2409,1558.0,0.6467413864674139
2023,KENNEDY CENTRAL,KENNEDY,2243,1163.0,0.5185020062416407
2023,LA ACADEMIA,SUBA,250,47.0,0.188
2023,LA ALHAMBRA,SUBA,3933,490.0,0.12458682939232138
2023,LA CANDELARIA,CANDELARIA,8456,1528.0,0.18070009460737937
2023,LA ESMERALDA,TEUSAQUILLO,981,282.0,0.2874617737003058
2023,LA FLORA,USME,264,177.0,0.6704545454545454
2023,LA FLORESTA,SUBA,1946,264.0,0.13566289825282632
2023,LA GLORIA,SAN CRISTOBAL,1526,809.0,0.5301441677588467
2023,LA MACARENA,SANTA FE,1171,372.0,0.31767719897523483
2023,LA SABANA,LOS MARTIRES,26206,11197.0,0.4272685644508891
2023,LA URIBE,USAQUEN,3673,819.0,0.22297849169616119
2023,LAS CRUCES,SANTA FE,9027,3290.0,0.36446216904841033
2023,LAS FERIAS,ENGATIVA,7385,2378.0,0.3220040622884225
2023,LAS MARGARITAS,KENNEDY,4421,1146.0,0.2592173716353766
2023,LAS NIEVES,SANTA FE,20103,5786.0,0.28781773864597326
2023,LOS ALCAZARES,BARRIOS UNIDOS,8944,1696.0,0.18962432915921287
2023,LOS ANDES,BARRIOS UNIDOS,10163,883.0,0.08688379415526912
2023,LOS CEDROS,USAQUEN,4277,857.0,0.20037409399111528
2023,LOS LIBERTADORES,SAN CRISTOBAL,1308,761.0,0.5818042813455657
2023,LOURDES,SANTA FE,1214,774.0,0.6375617792421746
2023,LUCERO,CIUDAD BOLIVAR,7949,5266.0,0.6624732670776198
2023,MARCO FIDEL SUAREZ,RAFAEL URIBE URIBE,5904,2706.0,0.4583333333333333
2023,MARRUECOS,RAFAEL URIBE URIBE,5941,1920.0,0.323177916175728
2023,MINUTO DE DIOS,ENGATIVA,3751,1516.0,0.40415889096241003
2023,MODELIA,FONTIBON,1009,360.0,0.35678889990089196
2023,MONTE BLANCO,CIUDAD BOLIVAR,24,13.0,0.5416666666666666
2023,MUZU,PUENTE ARANDA,2604,485.0,0.18625192012288785
2023,NIZA,SUBA,6599,764.0,0.11577511744203667
2023,PARDO RUBIO,CHAPINERO,1348,385.0,0.28560830860534125
2023,PARQUE ENTRENUBES,USME,20,12.0,0.6
2023,PARQUE SALITRE,BARRIOS UNIDOS,480,68.0,0.14166666666666666
2023,PARQUE SIMON BOLIVAR - CAN,TEUSAQUILLO,3475,653.0,0.1879136690647482
2023,PASEO DE LOS LIBERTADORES,USAQUEN,164,65.0,0.39634146341463417
2023,PATIO BONITO,KENNEDY,14251,6132.0,0.430285593993404
2023,PUENTE ARANDA,PUENTE ARANDA,1520,265.0,0.17434210526315788
2023,QUINTA PAREDES,TEUSAQUILLO,2818,537.0,0.19056068133427964
2023,QUIROGA,RAFAEL URIBE URIBE,9247,3967.0,0.42900400129771815
2023,RESTREPO,ANTONIO NARI?O,6331,2467.0,0.3896698783762439
2023,SAGRADO CORAZON,SANTA FE,2438,639.0,0.26210008203445445
2023,SAN BLAS,SAN CRISTOBAL,1150,802.0,0.697391304347826
2023,SAN CRISTOBAL NORTE,USAQUEN,1457,630.0,0.43239533287577214
2023,SAN FRANCISCO,CIUDAD BOLIVAR,3742,2160.0,0.5772314270443613
2023,SAN ISIDRO - PATIOS,CHAPINERO,385,161.0,0.41818181818181815
2023,SAN JOSE,RAFAEL URIBE URIBE,4757,1839.0,0.38658818583140636
2023,SAN JOSE DE BAVARIA,SUBA,3790,804.0,0.21213720316622692
2023,SAN RAFAEL,PUENTE ARANDA,1142,268.0,0.23467600700525393
2023,SANTA BARBARA,USAQUEN,3715,681.0,0.18331090174966352
2023,SANTA CECILIA,ENGATIVA,1884,875.0,0.46443736730360935
2023,SANTA ISABEL,LOS MARTIRES,4749,1413.0,0.29753632343651293
2023,SIN LOCALIZACION,BOSA,6,17.0,2.8333333333333335
2023,SIN LOCALIZACION,CIUDAD BOLIVAR,9,17.0,1.8888888888888888
2023,SIN LOCALIZACION,ENGATIVA,6,17.0,2.8333333333333335
2023,SIN LOCALIZACION,FONTIBON,4,17.0,4.25
2023,SIN LOCALIZACION,KENNEDY,6,17.0,2.8333333333333335
2023,SIN LOCALIZACION,LOS MARTIRES,4,17.0,4.25
2023,SIN LOCALIZACION,PUENTE ARANDA,2,17.0,8.5
2023,SIN LOCALIZACION,SAN CRISTOBAL,3,17.0,5.666666666666667
2023,SIN LOCALIZACION,SUBA,7,17.0,2.4285714285714284
2023,SIN LOCALIZACION,TEUSAQUILLO,2,17.0,8.5
2023,SIN LOCALIZACION,USAQUEN,3,17.0,5.666666666666667
2023,SIN UPZ CHAPINERO,CHAPINERO,311,102.0,0.3279742765273312
2023,SIN UPZ RAFAEL URIBE URIBE,RAFAEL URIBE URIBE,57,27.0,0.47368421052631576
2023,SIN UPZ SAN CRISTOBAL,SAN CRISTOBAL,46,33.0,0.717391304347826
2023,SIN UPZ SANTA FE,SANTA FE,56,27.0,0.48214285714285715
2023,SIN UPZ SUBA,SUBA,9,4.0,0.4444444444444444
2023,SIN UPZ USAQUEN,USAQUEN,209,76.0,0.36363636363636365
2023,SIN UPZ USME,USME,230,96.0,0.41739130434782606
2023,SOSIEGO,SAN CRISTOBAL,1893,742.0,0.39197041732699417
2023,SUBA,SUBA,9165,1639.0,0.17883251500272776
2023,TEUSAQUILLO,TEUSAQUILLO,5935,1424.0,0.23993260320134793
2023,TIBABUYES,SUBA,5050,2217.0,0.439009900990099
2023,TIMIZA,KENNEDY,2441,1365.0,0.5591970503891848
2023,TINTAL NORTE,KENNEDY,690,364.0,0.527536231884058
2023,TINTAL SUR,BOSA,2520,1041.0,0.41309523809523807
2023,TOBERIN,USAQUEN,2213,603.0,0.27248079530049707
2023,TUNJUELITO,TUNJUELITO,2818,1083.0,0.3843151171043293
2023,UPR RIO TUNJUELO,CIUDAD BOLIVAR,649,390.0,0.600924499229584
2023,UPR ZONA NORTE,SUBA,347,158.0,0.4553314121037464
2023,USAQUEN,USAQUEN,711,272.0,0.38255977496483823
2023,VENECIA,TUNJUELITO,9158,3477.0,0.3796680497925311
2023,VERBENAL,USAQUEN,3477,1609.0,0.4627552487776819
2023,ZONA FRANCA,FONTIBON,1514,683.0,0.4511228533685601
2023,ZONA INDUSTRIAL,PUENTE ARANDA,5666,1047.0,0.18478644546417225
2024,20 DE JULIO,SAN CRISTOBAL,5562,1396.0,0.2509888529306005
2024,AEROPUERTO EL DORADO,FONTIBON,397,171.0,0.43073047858942065
2024,ALAMOS,ENGATIVA,4785,816.0,0.17053291536050158
2024,ALFONSO LOPEZ,USME,1660,1385.0,0.8343373493975904
2024,AMERICAS,KENNEDY,3175,1370.0,0.431496062992126
2024,APOGEO,BOSA,6249,1724.0,0.275884141462634
2024,ARBORIZADORA,CIUDAD BOLIVAR,1567,656.0,0.41863433312061266
2024,BAVARIA,KENNEDY,711,214.0,0.3009845288326301
2024,BOLIVIA,ENGATIVA,3306,968.0,0.2928009679370841
2024,BOSA CENTRAL,BOSA,10841,6786.0,0.6259570150355134
2024,BOSA OCCIDENTAL,BOSA,6820,4427.0,0.6491202346041056
2024,BOYACA REAL,ENGATIVA,5049,1630.0,0.32283620518914635
2024,BRITALIA,SUBA,1964,400.0,0.20366598778004075
2024,CALANDAIMA,KENNEDY,1938,1261.0,0.650670794633643
2024,CAPELLANIA,FONTIBON,1185,285.0,0.24050632911392406
2024,CARVAJAL,KENNEDY,2936,1543.0,0.5255449591280654
2024,CASA BLANCA SUBA,SUBA,193,83.0,0.43005181347150256
2024,CASTILLA,KENNEDY,6435,2005.0,0.31157731157731156
2024,CHAPINERO,CHAPINERO,8285,1431.0,0.1727217863608932
2024,CHICO LAGO,CHAPINERO,12708,2084.0,0.16399118665407617
2024,CIUDAD JARDIN,ANTONIO NARI?O,4672,961.0,0.20569349315068494
2024,CIUDAD MONTES,PUENTE ARANDA,2160,597.0,0.2763888888888889
2024,CIUDAD SALITRE OCCIDENTAL,FONTIBON,933,349.0,0.3740621650589496
2024,CIUDAD SALITRE ORIENTAL,TEUSAQUILLO,1211,315.0,0.26011560693641617
2024,CIUDAD USME,USME,533,441.0,0.8273921200750469
2024,COMUNEROS,USME,1713,1374.0,0.8021015761821366
2024,CORABASTOS,KENNEDY,6376,2823.0,0.44275407779171894
2024,COUNTRY CLUB,USAQUEN,584,81.0,0.1386986301369863
2024,DANUBIO,USME,8316,1954.0,0.23496873496873497
2024,DIANA TURBAY,RAFAEL URIBE URIBE,2357,1706.0,0.7238014425116673
2024,DOCE DE OCTUBRE,BARRIOS UNIDOS,4208,959.0,0.22789923954372623
2024,EL MOCHUELO,CIUDAD BOLIVAR,23,14.0,0.6086956521739131
2024,EL PORVENIR,BOSA,3164,2126.0,0.6719342604298356
2024,EL PRADO,SUBA,3460,692.0,0.2
2024,EL REFUGIO,CHAPINERO,848,385.0,0.4540094339622642
2024,EL RINCON,SUBA,8229,2816.0,0.342204399076437
2024,EL TESORO,CIUDAD BOLIVAR,1234,917.0,0.7431118314424635
2024,ENGATIVA,ENGATIVA,2285,1373.0,0.600875273522976
2024,FONTIBON,FONTIBON,2633,1674.0,0.63577668059248
2024,FONTIBON SAN PABLO,FONTIBON,528,333.0,0.6306818181818182
2024,GALERIAS,TEUSAQUILLO,5460,951.0,0.17417582417582417
2024,GARCES NAVAS,ENGATIVA,1840,1254.0,0.6815217391304348
2024,GRAN BRITALIA,KENNEDY,3613,2398.0,0.6637143647938002
2024,GRAN YOMASA,USME,2777,2280.0,0.8210298883687432
2024,GRANJAS DE TECHO,FONTIBON,741,421.0,0.5681511470985156
2024,GUAYMARAL,SUBA,68,46.0,0.6764705882352942
2024,ISMAEL PERDOMO,CIUDAD BOLIVAR,3464,1991.0,0.5747690531177829
2024,JARDIN BOTANICO,ENGATIVA,2283,312.0,0.1366622864651774
2024,JERUSALEM,CIUDAD BOLIVAR,1726,1258.0,0.7288528389339514
2024,KENNEDY CENTRAL,KENNEDY,1688,1101.0,0.6522511848341233
2024,LA ACADEMIA,SUBA,532,54.0,0.10150375939849623
2024,LA ALHAMBRA,SUBA,3309,379.0,0.11453611362949531
2024,LA CANDELARIA,CANDELARIA,5133,2076.0,0.4044418468731736
2024,LA ESMERALDA,TEUSAQUILLO,1108,366.0,0.3303249097472924
2024,LA FLORA,USME,227,182.0,0.801762114537445
2024,LA FLORESTA,SUBA,1370,267.0,0.1948905109489051
2024,LA GLORIA,SAN CRISTOBAL,1466,1023.0,0.6978171896316507
2024,LA MACARENA,SANTA FE,804,229.0,0.2848258706467662
2024,LA SABANA,LOS MARTIRES,25260,8827.0,0.34944576405384004
2024,LA URIBE,USAQUEN,2401,386.0,0.16076634735526865
2024,LAS CRUCES,SANTA FE,12517,3850.0,0.3075816889030918
2024,LAS FERIAS,ENGATIVA,6189,1691.0,0.2732266925189853
2024,LAS MARGARITAS,KENNEDY,3906,1125.0,0.2880184331797235
2024,LAS NIEVES,SANTA FE,23597,6373.0,0.2700767046658474
2024,LOS ALCAZARES,BARRIOS UNIDOS,10599,2342.0,0.2209642419096141
2024,LOS ANDES,BARRIOS UNIDOS,8997,1121.0,0.12459708791819496
2024,LOS CEDROS,USAQUEN,4668,712.0,0.15252784918594686
2024,LOS LIBERTADORES,SAN CRISTOBAL,1340,991.0,0.7395522388059701
2024,LOURDES,SANTA FE,861,683.0,0.7932636469221835
2024,LUCERO,CIUDAD BOLIVAR,5735,3914.0,0.6824760244115082
2024,MARCO FIDEL SUAREZ,RAFAEL URIBE URIBE,4899,1923.0,0.3925290875688916
2024,MARRUECOS,RAFAEL URIBE URIBE,6206,1639.0,0.26409925878182405
2024,MINUTO DE DIOS,ENGATIVA,2719,979.0,0.3600588451636631
2024,MODELIA,FONTIBON,447,234.0,0.5234899328859061
2024,MONTE BLANCO,CIUDAD BOLIVAR,18,9.0,0.5
2024,MUZU,PUENTE ARANDA,2323,474.0,0.2040464916056823
2024,NIZA,SUBA,4471,526.0,0.11764705882352941
2024,PARDO RUBIO,CHAPINERO,974,528.0,0.5420944558521561
2024,PARQUE ENTRENUBES,RAFAEL URIBE URIBE,1,11.0,11.0
2024,PARQUE ENTRENUBES,USME,16,11.0,0.6875
2024,PARQUE SALITRE,BARRIOS UNIDOS,551,154.0,0.279491833030853
2024,PARQUE SIMON BOLIVAR - CAN,TEUSAQUILLO,2962,645.0,0.2177582714382174
2024,PASEO DE LOS LIBERTADORES,USAQUEN,49,25.0,0.5102040816326531
2024,PATIO BONITO,KENNEDY,13246,4684.0,0.35361618601842065
2024,PUENTE ARANDA,PUENTE ARANDA,5285,321.0,0.06073793755912961
2024,QUINTA PAREDES,TEUSAQUILLO,2043,494.0,0.24180127263827705
2024,QUIROGA,RAFAEL URIBE URIBE,7037,2294.0,0.32599118942731276
2024,RESTREPO,ANTONIO NARI?O,7420,2187.0,0.29474393530997306
2024,SAGRADO CORAZON,SANTA FE,2560,617.0,0.241015625
2024,SAN BLAS,SAN CRISTOBAL,892,699.0,0.7836322869955157
2024,SAN CRISTOBAL NORTE,USAQUEN,1063,491.0,0.4619002822201317
2024,SAN FRANCISCO,CIUDAD BOLIVAR,2291,1633.0,0.7127891750327368
2024,SAN ISIDRO - PATIOS,CHAPINERO,306,159.0,0.5196078431372549
2024,SAN JOSE,RAFAEL URIBE URIBE,3397,1055.0,0.3105681483662055
2024,SAN JOSE DE BAVARIA,SUBA,3004,444.0,0.1478029294274301
2024,SAN RAFAEL,PUENTE ARANDA,3652,423.0,0.11582694414019715
2024,SANTA BARBARA,USAQUEN,4133,629.0,0.1521896927171546
2024,SANTA CECILIA,ENGATIVA,1037,527.0,0.5081967213114754
2024,SANTA ISABEL,LOS MARTIRES,5390,1884.0,0.3495361781076067
2024,SIN LOCALIZACION,ANTONIO NARI?O,9,296.0,32.888888888888886
2024,SIN LOCALIZACION,BARRIOS UNIDOS,12,296.0,24.666666666666668
2024,SIN LOCALIZACION,BOSA,65,296.0,4.553846153846154
2024,SIN LOCALIZACION,CANDELARIA,8,296.0,37.0
2024,SIN LOCALIZACION,CHAPINERO,17,296.0,17.41176470588235
2024,SIN LOCALIZACION,CIUDAD BOLIVAR,31,296.0,9.548387096774194
2024,SIN LOCALIZACION,ENGATIVA,24,296.0,12.333333333333334
2024,SIN LOCALIZACION,FONTIBON,12,296.0,24.666666666666668
2024,SIN LOCALIZACION,KENNEDY,51,296.0,5.803921568627451
2024,SIN LOCALIZACION,LOS MARTIRES,25,296.0,11.84
2024,SIN LOCALIZACION,PUENTE ARANDA,3,296.0,98.66666666666667
2024,SIN LOCALIZACION,RAFAEL URIBE URIBE,26,296.0,11.384615384615385
2024,SIN LOCALIZACION,SAN CRISTOBAL,16,296.0,18.5
2024,SIN LOCALIZACION,SANTA FE,28,296.0,10.571428571428571
2024,SIN LOCALIZACION,SUBA,39,296.0,7.589743589743589
2024,SIN LOCALIZACION,TEUSAQUILLO,12,296.0,24.666666666666668
2024,SIN LOCALIZACION,TUNJUELITO,18,296.0,16.444444444444443
2024,SIN LOCALIZACION,USAQUEN,7,296.0,42.285714285714285
2024,SIN LOCALIZACION,USME,17,296.0,17.41176470588235
2024,SIN UPZ CHAPINERO,CHAPINERO,249,121.0,0.4859437751004016
2024,SIN UPZ RAFAEL URIBE URIBE,RAFAEL URIBE URIBE,97,56.0,0.5773195876288659
2024,SIN UPZ SAN CRISTOBAL,SAN CRISTOBAL,31,23.0,0.7419354838709677
2024,SIN UPZ SANTA FE,SANTA FE,55,38.0,0.6909090909090909
2024,SIN UPZ SUBA,SUBA,6,2.0,0.3333333333333333
2024,SIN UPZ USAQUEN,USAQUEN,91,42.0,0.46153846153846156
2024,SIN UPZ USME,USME,113,69.0,0.6106194690265486
2024,SOSIEGO,SAN CRISTOBAL,2611,1018.0,0.38988893144389125
2024,SUBA,SUBA,10040,1728.0,0.17211155378486057
2024,TEUSAQUILLO,TEUSAQUILLO,6818,1360.0,0.19947198591962453
2024,TIBABUYES,SUBA,4276,2500.0,0.5846585594013096
2024,TIMIZA,KENNEDY,1605,1123.0,0.6996884735202492
2024,TINTAL NORTE,KENNEDY,403,223.0,0.5533498759305211
2024,TINTAL SUR,BOSA,2090,1255.0,0.6004784688995215
2024,TOBERIN,USAQUEN,2146,340.0,0.15843429636533085
2024,TUNJUELITO,TUNJUELITO,4141,1440.0,0.34774209128229894
2024,UPR RIO TUNJUELO,CIUDAD BOLIVAR,455,295.0,0.6483516483516484
2024,UPR ZONA NORTE,SUBA,247,162.0,0.6558704453441295
2024,USAQUEN,USAQUEN,564,257.0,0.45567375886524825
2024,VENECIA,TUNJUELITO,11969,4439.0,0.37087475979614004
2024,VERBENAL,USAQUEN,2155,1105.0,0.5127610208816705
2024,ZONA FRANCA,FONTIBON,723,448.0,0.6196403872752421
2024,ZONA INDUSTRIAL,PUENTE ARANDA,7340,956.0,0.13024523160762944
2025,-,SIN LOCALIZACION,1,0.0,0.0
2025,20 DE JULIO,SAN CRISTOBAL,9132,2311.0,0.253066141042488
2025,AEROPUERTO EL DORADO,FONTIBON,1822,187.0,0.1026344676180022
2025,ALAMOS,ENGATIVA,6587,1405.0,0.21329892211932594
2025,ALFONSO LOPEZ,USME,3467,2712.0,0.7822324776463802
2025,AMERICAS,KENNEDY,4726,2252.0,0.4765129073212019
2025,APOGEO,BOSA,7633,1798.0,0.23555613782261234
2025,ARBORIZADORA,CIUDAD BOLIVAR,1742,537.0,0.3082663605051665
2025,BAVARIA,KENNEDY,1062,342.0,0.3220338983050847
2025,BOLIVIA,ENGATIVA,4677,1163.0,0.24866367329484712
2025,BOSA CENTRAL,BOSA,14617,7094.0,0.48532530615037284
2025,BOSA OCCIDENTAL,BOSA,9348,5129.0,0.5486735130509199
2025,BOYACA REAL,ENGATIVA,4932,2087.0,0.42315490673154904
2025,BRITALIA,SUBA,2716,496.0,0.18262150220913106
2025,CALANDAIMA,KENNEDY,2349,1142.0,0.48616432524478503
2025,CAPELLANIA,FONTIBON,527,229.0,0.43453510436432635
2025,CARVAJAL,KENNEDY,4784,2049.0,0.4283026755852843
2025,CASA BLANCA SUBA,SUBA,321,98.0,0.3052959501557632
2025,CASTILLA,KENNEDY,7946,2655.0,0.3341303800654417
2025,CHAPINERO,CHAPINERO,6694,1744.0,0.26053181953988647
2025,CHICO LAGO,CHAPINERO,15087,3465.0,0.2296679260290316
2025,CIUDAD JARDIN,ANTONIO NARI?O,4804,1461.0,0.30412156536219814
2025,CIUDAD MONTES,PUENTE ARANDA,2744,988.0,0.36005830903790087
2025,CIUDAD SALITRE OCCIDENTAL,FONTIBON,1936,603.0,0.3114669421487603
2025,CIUDAD SALITRE ORIENTAL,TEUSAQUILLO,673,362.0,0.537890044576523
2025,CIUDAD USME,USME,1111,915.0,0.8235823582358236
2025,COMUNEROS,USME,3438,2585.0,0.751890634089587
2025,CORABASTOS,KENNEDY,10430,5616.0,0.5384467881112176
2025,COUNTRY CLUB,USAQUEN,580,148.0,0.25517241379310346
2025,DANUBIO,USME,10270,3563.0,0.3469328140214216
2025,DIANA TURBAY,RAFAEL URIBE URIBE,3624,2265.0,0.625
2025,DOCE DE OCTUBRE,BARRIOS UNIDOS,3921,1257.0,0.3205814843152257
2025,EL MOCHUELO,CIUDAD BOLIVAR,17,4.0,0.23529411764705882
2025,EL PORVENIR,BOSA,5944,3123.0,0.5254037685060565
2025,EL PRADO,SUBA,3977,1102.0,0.2770932863967815
2025,EL REFUGIO,CHAPINERO,2214,830.0,0.3748870822041554
2025,EL RINCON,SUBA,11170,3659.0,0.3275738585496867
2025,EL TESORO,CIUDAD BOLIVAR,2302,1193.0,0.5182450043440486
2025,ENGATIVA,ENGATIVA,4891,2610.0,0.5336332038437948
2025,FONTIBON,FONTIBON,3490,1702.0,0.4876790830945559
2025,FONTIBON SAN PABLO,FONTIBON,811,444.0,0.5474722564734895
2025,GALERIAS,TEUSAQUILLO,4025,1560.0,0.3875776397515528
2025,GARCES NAVAS,ENGATIVA,2908,1937.0,0.6660935350756534
2025,GRAN BRITALIA,KENNEDY,6019,3684.0,0.6120618042864263
2025,GRAN YOMASA,USME,5293,4120.0,0.7783865482713017
2025,GRANJAS DE TECHO,FONTIBON,834,404.0,0.4844124700239808
2025,GUAYMARAL,SUBA,174,104.0,0.5977011494252874
2025,ISMAEL PERDOMO,CIUDAD BOLIVAR,5493,2163.0,0.3937738940469689
2025,JARDIN BOTANICO,ENGATIVA,2116,340.0,0.16068052930056712
2025,JERUSALEM,CIUDAD BOLIVAR,2958,1623.0,0.5486815415821501
2025,KENNEDY CENTRAL,KENNEDY,2356,1335.0,0.5666383701188455
2025,LA ACADEMIA,SUBA,419,118.0,0.28162291169451076
2025,LA ALHAMBRA,SUBA,2400,412.0,0.17166666666666666
2025,LA CANDELARIA,CANDELARIA,10482,4698.0,0.44819690898683456
2025,LA ESMERALDA,TEUSAQUILLO,1114,589.0,0.5287253141831239
2025,LA FLORA,USME,282,203.0,0.7198581560283688
2025,LA FLORESTA,SUBA,1249,218.0,0.1745396317053643
2025,LA GLORIA,SAN CRISTOBAL,3776,2222.0,0.5884533898305084
2025,LA MACARENA,SANTA FE,1947,729.0,0.37442218798151
2025,LA SABANA,LOS MARTIRES,31453,11001.0,0.3497599593043589
2025,LA URIBE,USAQUEN,3693,480.0,0.12997562956945571
2025,LAS CRUCES,SANTA FE,19842,7219.0,0.3638242112690253
2025,LAS FERIAS,ENGATIVA,7273,2416.0,0.3321875429671387
2025,LAS MARGARITAS,KENNEDY,4529,1257.0,0.27754471185692203
2025,LAS NIEVES,SANTA FE,21069,7960.0,0.3778062556362428
2025,LOS ALCAZARES,BARRIOS UNIDOS,11881,3671.0,0.3089807255281542
2025,LOS ANDES,BARRIOS UNIDOS,6535,1193.0,0.18255547054322876
2025,LOS CEDROS,USAQUEN,4304,787.0,0.18285315985130113
2025,LOS LIBERTADORES,SAN CRISTOBAL,2707,1736.0,0.6413003324713705
2025,LOURDES,SANTA FE,1081,729.0,0.6743755781683626
2025,LUCERO,CIUDAD BOLIVAR,9470,4830.0,0.5100316789862724
2025,MARCO FIDEL SUAREZ,RAFAEL URIBE URIBE,5551,2599.0,0.46820392722032067
2025,MARRUECOS,RAFAEL URIBE URIBE,5016,2017.0,0.4021132376395534
2025,MINUTO DE DIOS,ENGATIVA,3069,1692.0,0.5513196480938416
2025,MODELIA,FONTIBON,502,236.0,0.4701195219123506
2025,MONTE BLANCO,CIUDAD BOLIVAR,46,25.0,0.5434782608695652
2025,MUZU,PUENTE ARANDA,1288,438.0,0.34006211180124224
2025,NIZA,SUBA,2852,566.0,0.19845722300140253
2025,PARDO RUBIO,CHAPINERO,2493,830.0,0.33293221018852787
2025,PARQUE ENTRENUBES,USME,15,10.0,0.6666666666666666
2025,PARQUE SALITRE,BARRIOS UNIDOS,486,136.0,0.27983539094650206
2025,PARQUE SIMON BOLIVAR - CAN,TEUSAQUILLO,2958,667.0,0.22549019607843138
2025,PASEO DE LOS LIBERTADORES,USAQUEN,60,20.0,0.3333333333333333
2025,PATIO BONITO,KENNEDY,15680,5945.0,0.3791454081632653
2025,PUENTE ARANDA,PUENTE ARANDA,4839,618.0,0.1277123372597644
2025,QUINTA PAREDES,TEUSAQUILLO,2343,710.0,0.30303030303030304
2025,QUIROGA,RAFAEL URIBE URIBE,8783,3278.0,0.3732209951041785
2025,RESTREPO,ANTONIO NARI?O,9110,3167.0,0.3476399560922064
2025,SAGRADO CORAZON,SANTA FE,1694,599.0,0.35360094451003543
2025,SAN BLAS,SAN CRISTOBAL,1457,1022.0,0.7014413177762526
2025,SAN CRISTOBAL NORTE,USAQUEN,2054,754.0,0.3670886075949367
2025,SAN FRANCISCO,CIUDAD BOLIVAR,2945,1570.0,0.533106960950764
2025,SAN ISIDRO - PATIOS,CHAPINERO,413,200.0,0.48426150121065376
2025,SAN JOSE,RAFAEL URIBE URIBE,2890,1282.0,0.44359861591695504
2025,SAN JOSE DE BAVARIA,SUBA,4669,835.0,0.1788391518526451
2025,SAN RAFAEL,PUENTE ARANDA,2035,712.0,0.34987714987714985
2025,SANTA BARBARA,USAQUEN,5067,1092.0,0.21551213735938426
2025,SANTA CECILIA,ENGATIVA,1482,810.0,0.5465587044534413
2025,SANTA ISABEL,LOS MARTIRES,4138,1805.0,0.4362010633156114
2025,SIN LOCALIZACION,ANTONIO NARI?O,108,1616.0,14.962962962962964
2025,SIN LOCALIZACION,BARRIOS UNIDOS,183,1616.0,8.830601092896174
2025,SIN LOCALIZACION,BOSA,405,1616.0,3.9901234567901236
2025,SIN LOCALIZACION,CANDELARIA,167,1616.0,9.676646706586826
2025,SIN LOCALIZACION,CHAPINERO,242,1616.0,6.677685950413223
2025,SIN LOCALIZACION,CIUDAD BOLIVAR,203,1616.0,7.960591133004926
2025,SIN LOCALIZACION,ENGATIVA,394,1616.0,4.101522842639594
2025,SIN LOCALIZACION,FONTIBON,51,1616.0,31.686274509803923
2025,SIN LOCALIZACION,KENNEDY,521,1616.0,3.1017274472168905
2025,SIN LOCALIZACION,LOS MARTIRES,355,1616.0,4.552112676056338
2025,SIN LOCALIZACION,PUENTE ARANDA,134,1616.0,12.059701492537313
2025,SIN LOCALIZACION,RAFAEL URIBE URIBE,180,1616.0,8.977777777777778
2025,SIN LOCALIZACION,SAN CRISTOBAL,123,1616.0,13.138211382113822
2025,SIN LOCALIZACION,SANTA FE,493,1616.0,3.2778904665314403
2025,SIN LOCALIZACION,SUBA,411,1616.0,3.931873479318735
2025,SIN LOCALIZACION,TEUSAQUILLO,223,1616.0,7.246636771300448
2025,SIN LOCALIZACION,TUNJUELITO,120,1616.0,13.466666666666667
2025,SIN LOCALIZACION,USAQUEN,151,1616.0,10.701986754966887
2025,SIN LOCALIZACION,USME,199,1616.0,8.120603015075377
2025,SIN UPZ CHAPINERO,CHAPINERO,509,261.0,0.5127701375245579
2025,SIN UPZ RAFAEL URIBE URIBE,RAFAEL URIBE URIBE,142,75.0,0.528169014084507
2025,SIN UPZ SAN CRISTOBAL,SAN CRISTOBAL,29,16.0,0.5517241379310345
2025,SIN UPZ SANTA FE,SANTA FE,51,28.0,0.5490196078431373
2025,SIN UPZ SUBA,SUBA,26,5.0,0.19230769230769232
2025,SIN UPZ USAQUEN,USAQUEN,89,45.0,0.5056179775280899
2025,SIN UPZ USME,USME,126,77.0,0.6111111111111112
2025,SOSIEGO,SAN CRISTOBAL,3145,1632.0,0.518918918918919
2025,SUBA,SUBA,15547,2291.0,0.14735961921914195
2025,TEUSAQUILLO,TEUSAQUILLO,7305,2042.0,0.27953456536618754
2025,TIBABUYES,SUBA,7760,3241.0,0.41765463917525775
2025,TIMIZA,KENNEDY,2659,1497.0,0.5629936066190298
2025,TINTAL NORTE,KENNEDY,308,175.0,0.5681818181818182
2025,TINTAL SUR,BOSA,3737,1776.0,0.4752475247524752
2025,TOBERIN,USAQUEN,2803,405.0,0.14448804851944344
2025,TUNJUELITO,TUNJUELITO,2644,1300.0,0.491679273827534
2025,UPR RIO BLANCO,SUMAPAZ,1,1.0,1.0
2025,UPR RIO TUNJUELO,CIUDAD BOLIVAR,898,458.0,0.5100222717149221
2025,UPR ZONA NORTE,SUBA,406,244.0,0.6009852216748769
2025,USAQUEN,USAQUEN,1456,343.0,0.23557692307692307
2025,VENECIA,TUNJUELITO,13634,4947.0,0.3628428927680798
2025,VERBENAL,USAQUEN,3257,1156.0,0.354927847712619
2025,ZONA FRANCA,FONTIBON,929,505.0,0.5435952637244349
2025,ZONA INDUSTRIAL,PUENTE ARANDA,7111,1285.0,0.18070594853044578
